Company,Rating,Position,Salary,Size,Founded,Type,Industry,Sector,Revenue,Location
CommerceIQ,4.0,Data Scientist (BE/ B-tech 4-6 yrs),"Employer Provided Salary:₹2,500K - ₹3,500K",51 to 200 Employees,2012,Company - Private,Internet,Information Technology,$10 to $25 million (USD),Bangalore
Applied Materials Inc.,4.0,Data Scientist,,10000+ Employees,1967,Company - Public,Electrical & Electronic Manufacturing,Manufacturing,$10+ billion (USD),Bangalore
"BreathX Technologies Pvt Ltd, A Canary Global Inc. company",,Data Scientist (2-3 years exp),,Unknown,,Company - Public,,,Unknown / Non-Applicable,Bangalore
Ninestars Information Technologies,2.5,Junior Data Scientist,Employer Provided Salary:₹400K,Unknown,,Company - Private,,,Unknown / Non-Applicable,Bangalore
GO-JEK,4.2,Data Scientist 2,,1001 to 5000 Employees,2010,Company - Private,Transportation Management,Transportation & Logistics,Unknown / Non-Applicable,Bangalore
Oracle,3.7,Data Scientist 1,,10000+ Employees,1977,Company - Public,Enterprise Software & Network Solutions,Information Technology,$10+ billion (USD),Bangalore
Infosys Limited,3.9,Senior Data Scientist,,10000+ Employees,1981,Company - Public,IT Service,Information Technology,$10+ billion (USD),Bangalore
HP,4.2,Data Scientist,,10000+ Employees,1939,Company - Public,Computer Hardware & Software,Information Technology,Unknown / Non-Applicable,Bangalore
"JPMorgan Chase Bank, N.A.",3.7,WM Data Scientist,,10000+ Employees,1799,Subsidiary or Business Segment,Banks & Building Society,Finance,$10+ billion (USD),Bangalore
Standard Chartered,3.8,Data Scientist - Document Digitization,,10000+ Employees,1969,Company - Public,Investment Banking & Asset Management,Finance,$10 to $25 million (USD),Bangalore
PwC,3.9,Finance Data Scientist - Associate,,10000+ Employees,1998,Company - Private,Accounting,Accounting & Legal,$5 to $10 billion (USD),Bangalore
HP,4.2,Data Scientist/ML Engineer,,10000+ Employees,1939,Company - Public,Computer Hardware & Software,Information Technology,Unknown / Non-Applicable,Bangalore
Polaris Inc.,3.8,Data Scientist,,10000+ Employees,1954,Company - Public,Transport Equipment Manufacturing,Manufacturing,$5 to $10 billion (USD),Bangalore
Proziod Analytics,4.3,Data Scientist,Employer Provided Salary:₹500K - ₹800K,1 to 50 Employees,2016,Company - Private,IT Service,Information Technology,Less than $1 million (USD),Bangalore
Flipkart,4.2,Senior Data Scientist,,10000+ Employees,2007,Company - Private,Internet,Information Technology,$5 to $10 billion (USD),Bangalore
Infosys Limited,3.9,Data Science Professional,,10000+ Employees,1981,Company - Public,IT Service,Information Technology,$10+ billion (USD),Bangalore
Mercedes-Benz Research and Development India Private Limited,3.9,Data Scientist-Mathematical Optimizations And Reliability,,10000+ Employees,1965,Subsidiary or Business Segment,Vehicle Dealership,Retail,$10+ billion (USD),Bangalore
Honeywell,3.7,Data Scientist,,10000+ Employees,1885,Company - Public,Computer Hardware & Software,Information Technology,$10+ billion (USD),Bangalore
Walmart Global Tech India,3.3,Data Scientist - IN3,,1001 to 5000 Employees,1994,Company - Public,General Merchandise & Superstore,Retail,$10+ billion (USD),Bangalore
Cervello Inc,3.9,Data Scientist,,51 to 200 Employees,2009,Company - Private,IT Service,Information Technology,$10 to $25 million (USD),Bangalore
West Pharmaceutical Services,3.5,"Data Scientist, D&T",,5001 to 10000 Employees,1923,Company - Public,Health Care Product Manufacturing,Manufacturing,$1 to $2 billion (USD),Bangalore
HDFC Bank,3.6,RAU-Data Scientist,,10000+ Employees,1995,Company - Public,Banks & Building Society,Finance,$10+ billion (USD),Bangalore
Canum Infotech,,Data Scientist,,1 to 50 Employees,,Company - Public,,,Unknown / Non-Applicable,Bangalore
PayPal,4.3,Data Scientist 1,,10000+ Employees,1998,Company - Public,Internet,Information Technology,$10+ billion (USD),Bangalore
HP,4.2,EBP AI/ML Data Scientist,,10000+ Employees,1939,Company - Public,Computer Hardware & Software,Information Technology,Unknown / Non-Applicable,Bangalore
Ausy Technologies,4.3,Data Scientist,"Employer Provided Salary:₹1,800K",501 to 1000 Employees,1995,Company - Public,IT Service,Information Technology,$100 to $500 million (USD),Bangalore
PayPal,4.3,Senior Data Scientist,,10000+ Employees,1998,Company - Public,Internet,Information Technology,$10+ billion (USD),Bangalore
Simpli Namdhari,1.0,Data Analytics Internship,Employer Provided Salary:₹120K - ₹180K,501 to 1000 Employees,,Company - Private,,,Unknown / Non-Applicable,Bangalore
Honeywell,3.7,Data Scientist II,,10000+ Employees,1885,Company - Public,Computer Hardware & Software,Information Technology,$10+ billion (USD),Bangalore
Intel,4.2,Lead Data Scientist,,10000+ Employees,1968,Company - Public,Computer Hardware & Software,Information Technology,$10+ billion (USD),Bangalore
Randstad,3.9,junior data scientist,,10000+ Employees,1960,Company - Public,Staffing & Outsourcing,Business Service,$10+ billion (USD),Bangalore
Arista Networks,4.2,Data Scientist,,1001 to 5000 Employees,2004,Company - Public,Enterprise Software & Network Solutions,Information Technology,$2 to $5 billion (USD),Bangalore
Business Toys,5.0,Data Analytics Internship,Employer Provided Salary:₹60K,1 to 50 Employees,,Company - Private,,,Unknown / Non-Applicable,Bangalore
Siemens Technology and Services Private Limited,4.1,Machine Learning with Python,,10000+ Employees,1843,Company - Public,Electrical & Electronic Manufacturing,Manufacturing,$10+ billion (USD),Bangalore
Infosys Limited,3.9,Artificial Intelligence & Machine Learning Experts,,10000+ Employees,1981,Company - Public,IT Service,Information Technology,$10+ billion (USD),Bangalore
Thanu Associates,1.7,Senior Data Scientist,"Employer Provided Salary:₹766K - ₹1,651K",1 to 50 Employees,,Company - Private,Accounting,Accounting & Legal,$1 to $5 million (USD),Bangalore
TARGET,4.4,Sr. Data Scientist,,10000+ Employees,1962,Company - Public,General Merchandise & Superstore,Retail,$10+ billion (USD),Bangalore
Smiths Detection,2.6,Data Scientist,,5001 to 10000 Employees,1940,Subsidiary or Business Segment,Health Care Product Manufacturing,Manufacturing,$1 to $2 billion (USD),Bangalore
CoStrategix,3.5,Data Scientist,,51 to 200 Employees,2006,Company - Private,IT Service,Information Technology,Unknown / Non-Applicable,Bangalore
Genpact,3.8,Business Analyst - Data Scientist,,10000+ Employees,1997,Company - Public,IT Service,Information Technology,$2 to $5 billion (USD),Bangalore
Aruba Networks,4.1,Data Scientist,,5001 to 10000 Employees,2002,Company - Public,Enterprise Software & Network Solutions,Information Technology,$2 to $5 billion (USD),Bangalore
Niramai,4.0,Data Scientist,,Unknown,,Company - Private,,,Unknown / Non-Applicable,Bangalore
Great Learning,4.2,Data Scientist,,1001 to 5000 Employees,2013,Company - Private,Education Training Service,Education,$10 to $25 million (USD),Bangalore
sharechat,4.2,Data Scientist I / II - Camera Intelligence,,1 to 50 Employees,,Company - Private,,,Unknown / Non-Applicable,Bangalore
Elpis IT Solutions,3.9,Data Scientist,"Employer Provided Salary:₹600K - ₹1,600K",1 to 50 Employees,,Company - Private,,,Unknown / Non-Applicable,Bangalore
Microsoft,4.4,Applied Scientist 2,,10000+ Employees,1975,Company - Public,Computer Hardware & Software,Information Technology,$10+ billion (USD),Bangalore
Cumulations Technologies,4.7,Data Scientist,,1 to 50 Employees,,Company - Private,,,Unknown / Non-Applicable,Bangalore
Concentrix,3.9,Concentrix Innovation Labs is Hiring AI/ML Engineer,,10000+ Employees,2004,Company - Public,Staffing & Outsourcing,Business Service,$2 to $5 billion (USD),Bangalore
IBM,3.9,Data Scientist: Advanced Analytics,,10000+ Employees,1911,Company - Public,IT Service,Information Technology,$10+ billion (USD),Bangalore
Multirecruit,4.4,Data Scientist,"Employer Provided Salary:₹1,450K - ₹1,650K",1 to 50 Employees,2013,Company - Private,Staffing & Outsourcing,Business Service,$100 to $500 million (USD),Bangalore
Siemens Technology and Services Private Limited,4.1,Data Science Engineer,,10000+ Employees,1843,Company - Public,Electrical & Electronic Manufacturing,Manufacturing,$10+ billion (USD),Bangalore
Skoruz,3.7,Data Scientist,,201 to 500 Employees,2007,Company - Private,IT Service,Information Technology,$10 to $25 million (USD),Bangalore
Epsilon India,4.0,Data Scientist 2,,1 to 50 Employees,,Company - Private,,,Unknown / Non-Applicable,Bangalore
PayPal,4.3,Data Scientist 1,,10000+ Employees,1998,Company - Public,Internet,Information Technology,$10+ billion (USD),Bangalore
Infosys Limited,3.9,Artificial Intelligence & Machine Learning Experts,,10000+ Employees,1981,Company - Public,IT Service,Information Technology,$10+ billion (USD),Bangalore
Siemens Technology and Services Private Limited,4.1,Machine Learning with Python,,10000+ Employees,1843,Company - Public,Electrical & Electronic Manufacturing,Manufacturing,$10+ billion (USD),Bangalore
Business Toys,5.0,Data Analytics Internship,Employer Provided Salary:₹60K,1 to 50 Employees,,Company - Private,,,Unknown / Non-Applicable,Bangalore
Concentrix,3.9,Concentrix Innovation Labs is Hiring AI/ML Engineer,,10000+ Employees,2004,Company - Public,Staffing & Outsourcing,Business Service,$2 to $5 billion (USD),Bangalore
Honeywell,3.7,Data Scientist II,,10000+ Employees,1885,Company - Public,Computer Hardware & Software,Information Technology,$10+ billion (USD),Bangalore
Vision Netsoft Pvt. Ltd.,,Data Science Engineer,"Employer Provided Salary:₹520K - ₹1,813K",Unknown,,Company - Private,,,Unknown / Non-Applicable,Bangalore
EY,3.8,AI/ML Engineer,,10000+ Employees,1989,Company - Private,Accounting,Accounting & Legal,$10+ billion (USD),Bangalore
Bidgely,2.9,Sr. Data Scientist / Machine learning Expert,,51 to 200 Employees,2010,Company - Private,Computer Hardware & Software,Information Technology,Unknown / Non-Applicable,Bangalore
Siemens Technology and Services Private Limited,4.1,Data Science Engineer,,10000+ Employees,1843,Company - Public,Electrical & Electronic Manufacturing,Manufacturing,$10+ billion (USD),Bangalore
Interactions,3.7,NLP Engineer/Scientist,Employer Provided Salary:₹401K,501 to 1000 Employees,2004,Company - Private,Computer Hardware & Software,Information Technology,$100 to $500 million (USD),Bangalore
sybill,3.2,Applied ML engineer,"Employer Provided Salary:₹2,500K - ₹5,500K",1001 to 5000 Employees,1962,Non-profit Organisation,Social Services,Non-Profit,$50 to $100 million (USD),Bangalore
Randstad,3.9,junior data scientist,,10000+ Employees,1960,Company - Public,Staffing & Outsourcing,Business Service,$10+ billion (USD),Bangalore
Empower Retirement,4.0,Analyst Data Science Analytics,,5001 to 10000 Employees,1907,Company - Private,Investment Banking & Asset Management,Finance,$2 to $5 billion (USD),Bangalore
Myntra.com,4.1,Associate – Marketing Analytics,,1001 to 5000 Employees,2007,Company - Private,Internet,Information Technology,Unknown / Non-Applicable,Bangalore
DataRobot,3.8,Data Science Trainer,,1001 to 5000 Employees,2012,Company - Private,Enterprise Software & Network Solutions,Information Technology,Unknown / Non-Applicable,Bangalore
Scientific Games,3.6,Data Science QA Engineer,Employer Provided Salary:₹537K,5001 to 10000 Employees,1984,Company - Public,Computer Hardware & Software,Information Technology,$2 to $5 billion (USD),Bangalore
loyalytics consulting,4.5,Data Scientist,"Employer Provided Salary:₹800K - ₹1,000K",1 to 50 Employees,2015,Company - Private,IT Service,Information Technology,Unknown / Non-Applicable,Bangalore
Great Learning,4.2,Data Scientist,,1001 to 5000 Employees,2013,Company - Private,Education Training Service,Education,$10 to $25 million (USD),Bangalore
Reverie Language Technologies,4.5,"Tech Lead - NLP, Conversational AI",,51 to 200 Employees,2009,Company - Private,Enterprise Software & Network Solutions,Information Technology,Unknown / Non-Applicable,Bangalore
Infosys Limited,3.9,Lead Analyst- Data Science,,10000+ Employees,1981,Company - Public,IT Service,Information Technology,$10+ billion (USD),Bangalore
Blue Ocean Ventures,2.8,Data Scientist,,51 to 200 Employees,,Company - Private,Staffing & Outsourcing,Business Service,Unknown / Non-Applicable,Bangalore
Pattern Effects Labs,3.2,Data Scientist,,1 to 50 Employees,,Company - Private,,,Unknown / Non-Applicable,Bangalore
FICO,3.9,Lead Data Scientist,,1001 to 5000 Employees,1956,Company - Public,Computer Hardware & Software,Information Technology,$500 million to $1 billion (USD),Bangalore
Honeywell,3.7,Sr Advanced Data Scientist,,10000+ Employees,1885,Company - Public,Computer Hardware & Software,Information Technology,$10+ billion (USD),Bangalore
Perfios,4.3,Applied Scientist,,501 to 1000 Employees,2008,Company - Private,IT Service,Information Technology,Unknown / Non-Applicable,Bangalore
PayPal,4.3,Data Scientist 1,,10000+ Employees,1998,Company - Public,Internet,Information Technology,$10+ billion (USD),Bangalore
DataRobot,3.8,Data Science Trainer,,1001 to 5000 Employees,2012,Company - Private,Enterprise Software & Network Solutions,Information Technology,Unknown / Non-Applicable,Bangalore
Concentrix,3.9,Concentrix Innovation Labs is Hiring AI/ML Engineer,,10000+ Employees,2004,Company - Public,Staffing & Outsourcing,Business Service,$2 to $5 billion (USD),Bangalore
Myntra.com,4.1,Associate – Marketing Analytics,,1001 to 5000 Employees,2007,Company - Private,Internet,Information Technology,Unknown / Non-Applicable,Bangalore
Vision Netsoft Pvt. Ltd.,,Data Science Engineer,"Employer Provided Salary:₹520K - ₹1,813K",Unknown,,Company - Private,,,Unknown / Non-Applicable,Bangalore
Interactions,3.7,NLP Engineer/Scientist,Employer Provided Salary:₹401K,501 to 1000 Employees,2004,Company - Private,Computer Hardware & Software,Information Technology,$100 to $500 million (USD),Bangalore
Scientific Games,3.6,Data Science QA Engineer,Employer Provided Salary:₹537K,5001 to 10000 Employees,1984,Company - Public,Computer Hardware & Software,Information Technology,$2 to $5 billion (USD),Bangalore
Blue Ocean Ventures,2.8,Data Scientist,,51 to 200 Employees,,Company - Private,Staffing & Outsourcing,Business Service,Unknown / Non-Applicable,Bangalore
Pattern Effects Labs,3.2,Data Scientist,,1 to 50 Employees,,Company - Private,,,Unknown / Non-Applicable,Bangalore
sybill,3.2,Applied ML engineer,"Employer Provided Salary:₹2,500K - ₹5,500K",1001 to 5000 Employees,1962,Non-profit Organisation,Social Services,Non-Profit,$50 to $100 million (USD),Bangalore
EY,3.8,AI/ML Engineer,,10000+ Employees,1989,Company - Private,Accounting,Accounting & Legal,$10+ billion (USD),Bangalore
Reverie Language Technologies,4.5,"Tech Lead - NLP, Conversational AI",,51 to 200 Employees,2009,Company - Private,Enterprise Software & Network Solutions,Information Technology,Unknown / Non-Applicable,Bangalore
Bidgely,2.9,Sr. Data Scientist / Machine learning Expert,,51 to 200 Employees,2010,Company - Private,Computer Hardware & Software,Information Technology,Unknown / Non-Applicable,Bangalore
Empower Retirement,4.0,Analyst Data Science Analytics,,5001 to 10000 Employees,1907,Company - Private,Investment Banking & Asset Management,Finance,$2 to $5 billion (USD),Bangalore
Adobe,4.4,T&O/Data Science Analyst,,10000+ Employees,1982,Company - Public,Computer Hardware & Software,Information Technology,$2 to $5 billion (USD),Bangalore
CloudThat Technologies Pvt. Ltd.,4.6,AI & ML Trainer,,51 to 200 Employees,,Company - Private,,,Unknown / Non-Applicable,Bangalore
Adobe,4.4,ML Engineer,,10000+ Employees,1982,Company - Public,Computer Hardware & Software,Information Technology,$2 to $5 billion (USD),Bangalore
Perfios,4.3,Applied Scientist,,501 to 1000 Employees,2008,Company - Private,IT Service,Information Technology,Unknown / Non-Applicable,Bangalore
Infosys Limited,3.9,Lead Analyst- Data Science,,10000+ Employees,1981,Company - Public,IT Service,Information Technology,$10+ billion (USD),Bangalore
WaterScience,4.0,Business Analytics & MIS Internship,Employer Provided Salary:₹240K,1 to 50 Employees,,Company - Private,,,Unknown / Non-Applicable,Bangalore
Course5,3.4,ML Engineer,,1001 to 5000 Employees,2000,Company - Private,Consulting,Business Service,$100 to $500 million (USD),Bangalore
loyalytics consulting,4.5,Data Scientist,Employer Provided Salary:₹500K - ₹900K,1 to 50 Employees,2015,Company - Private,IT Service,Information Technology,Unknown / Non-Applicable,Bangalore
ThoughtFocus,4.0,Engineer - AI,,1001 to 5000 Employees,2004,Company - Private,IT Service,Information Technology,Unknown / Non-Applicable,Bangalore
PayPal,4.3,Data Scientist 1,,10000+ Employees,1998,Company - Public,Internet,Information Technology,$10+ billion (USD),Bangalore
Novartis,4.2,"Data Scientist, II",,10000+ Employees,1996,Company - Public,Biotech & Pharmaceutical,Biotech & Pharmaceutical,$10+ billion (USD),Hyderabad
Kroll,,Data Scientist II,,1001 to 5000 Employees,2004,Subsidiary or Business Segment,Advertising & Marketing,Business Service,$100 to $500 million (USD),Hyderabad
Indeed,4.3,Product: Data Scientist,"Employer Provided Salary:₹2,700K - ₹4,060K",10000+ Employees,2004,Company - Private,Internet,Information Technology,$2 to $5 billion (USD),Hyderabad
Honeywell,3.7,Sr Advanced Data Scientist,,10000+ Employees,1885,Company - Public,Computer Hardware & Software,Information Technology,$10+ billion (USD),Hyderabad
Yash Technologies,3.7,Data Scientist - MLOps,,1001 to 5000 Employees,1996,Company - Private,IT Service,Information Technology,$100 to $500 million (USD),Hyderabad
Kline &amp; Company,3.5,Data Scientist,,51 to 200 Employees,1959,Company - Private,Consulting,Business Service,$10 to $25 million (USD),Hyderabad
247 Global Recruit,,Senior Data Scientist,"Employer Provided Salary:₹426K - ₹1,477K",Unknown,,Company - Public,,,Unknown / Non-Applicable,Hyderabad
GD Research Center,3.4,Data Scientist,,1001 to 5000 Employees,2004,Company - Public,Research & Development,Business Service,Unknown / Non-Applicable,Hyderabad
Sutherland,3.7,Associate Professional - Data Scientist / Analytics,,10000+ Employees,1986,Company - Private,Staffing & Outsourcing,Business Service,$1 to $2 billion (USD),Hyderabad
Tanla Solutions,4.2,Data Scientist,,501 to 1000 Employees,1999,Company - Public,Telecommunications Service,Telecommunication,$100 to $500 million (USD),Hyderabad
Infocrunch Analytics,2.9,Data Science Internship,Employer Provided Salary:₹300K,1 to 50 Employees,,Company - Private,,,Unknown / Non-Applicable,Hyderabad
Sutherland,3.7,Professional - Data Scientist / Analytics,,10000+ Employees,1986,Company - Private,Staffing & Outsourcing,Business Service,$1 to $2 billion (USD),Hyderabad
Careers at Tide,4.1,Data Scientist,,501 to 1000 Employees,2015,Company - Private,Internet,Information Technology,Unknown / Non-Applicable,Hyderabad
Uber,4.3,Data Analytics Specialist - Global A&I,,10000+ Employees,2009,Company - Public,Internet,Information Technology,$10+ billion (USD),Hyderabad
RoundSqr,4.2,Data Scientist,,51 to 200 Employees,2018,Company - Private,IT Service,Information Technology,Unknown / Non-Applicable,Hyderabad
Anblicks,3.6,Data Scientist,,201 to 500 Employees,2004,Company - Private,IT Service,Information Technology,$10 to $25 million (USD),Hyderabad
S&amp;P Global,4.1,Data Scientist,,10000+ Employees,1888,Company - Public,Financial Analytics & Research,Finance,$5 to $10 billion (USD),Hyderabad
GE Appliances,3.9,Data Scientist,,10000+ Employees,2016,Subsidiary or Business Segment,Consumer Products Manufacturing,Manufacturing,$5 to $10 billion (USD),Hyderabad
RoundSqr,4.2,Senior Data Scientist,,51 to 200 Employees,2018,Company - Private,IT Service,Information Technology,Unknown / Non-Applicable,Hyderabad
Honeywell,3.7,Data Scientist II,,10000+ Employees,1885,Company - Public,Computer Hardware & Software,Information Technology,$10+ billion (USD),Hyderabad
Microsoft,4.4,Data Scientist II,,10000+ Employees,1975,Company - Public,Computer Hardware & Software,Information Technology,$10+ billion (USD),Hyderabad
SoulPage IT Solutions,4.3,Sr. Data Scientist,,1 to 50 Employees,2018,Company - Private,IT Service,Information Technology,Unknown / Non-Applicable,Hyderabad
Hitachi Vantara Corporation,3.2,Senior Data Scientist,,5001 to 10000 Employees,1989,Subsidiary or Business Segment,IT Service,Information Technology,Unknown / Non-Applicable,Hyderabad
Cyient,3.4,Senior Data Scientist,,10000+ Employees,1991,Company - Public,IT Service,Information Technology,$500 million to $1 billion (USD),Hyderabad
Verizon,3.9,Python & Data Analytics Engr,,10000+ Employees,2000,Company - Public,Telecommunications Service,Telecommunication,$10+ billion (USD),Hyderabad
Maxima,,Data Science (AI/ML Engineer),"Employer Provided Salary:₹1,000K - ₹2,200K",Unknown,,Company - Public,,,Unknown / Non-Applicable,Hyderabad
Winfort,4.3,Data Scientist,,51 to 200 Employees,1996,Company - Private,Staffing & Outsourcing,Business Service,Unknown / Non-Applicable,Hyderabad
opentext,3.6,Sr. Software Engineer - Data Scientist with Python,,10000+ Employees,1992,Company - Public,Enterprise Software & Network Solutions,Information Technology,$2 to $5 billion (USD),Hyderabad
Micron Technology,3.7,"Engineer, Data Science",,10000+ Employees,1978,Company - Public,Computer Hardware & Software,Information Technology,$10+ billion (USD),Hyderabad
Cyient,3.4,TSP Technical CoE- AI/ML Data Scientist,,10000+ Employees,1991,Company - Public,IT Service,Information Technology,$500 million to $1 billion (USD),Hyderabad
CoreCompete,4.3,Data Scientist -Python,,201 to 500 Employees,2012,Company - Private,IT Service,Information Technology,Unknown / Non-Applicable,Hyderabad
Oracle,3.7,Data Scientist 3,,10000+ Employees,1977,Company - Public,Enterprise Software & Network Solutions,Information Technology,$10+ billion (USD),Hyderabad
Spotflock,4.0,ML Engineer/ Data Scientist,,Unknown,,Company - Private,,,Unknown / Non-Applicable,Hyderabad
Naresh I Technologies,4.3,Data Science Trainer,Employer Provided Salary:₹500K - ₹800K,51 to 200 Employees,,Company - Public,,,Unknown / Non-Applicable,Hyderabad
ATSPL - Telangana,4.3,Data Scientist,,10000+ Employees,1994,Company - Public,Internet,Information Technology,$10+ billion (USD),Hyderabad
Hitachi Vantara,3.2,Senior Data Scientist,,5001 to 10000 Employees,1989,Subsidiary or Business Segment,IT Service,Information Technology,Unknown / Non-Applicable,Hyderabad
CoreCompete,4.3,Senior Data Scientist -Python,,201 to 500 Employees,2012,Company - Private,IT Service,Information Technology,Unknown / Non-Applicable,Hyderabad
Zeta Global,3.6,Data Analyst - Global Data Science & Analytics,,1001 to 5000 Employees,2007,Company - Public,Advertising & Marketing,Business Service,$100 to $500 million (USD),Hyderabad
Novartis,4.2,Manager Data Science and Analytics,,10000+ Employees,1996,Company - Public,Biotech & Pharmaceutical,Biotech & Pharmaceutical,$10+ billion (USD),Hyderabad
Truedge Software Solutions,4.3,"Technology head Data science, data analytics background",,51 to 200 Employees,,Company - Private,,,Unknown / Non-Applicable,Hyderabad
Genpact,3.8,Data Engineer for AI/Advance Analytic,,10000+ Employees,1997,Company - Public,IT Service,Information Technology,$2 to $5 billion (USD),Hyderabad
Cambridge Technology,3.4,Senior Data Scientist,,1001 to 5000 Employees,1968,Company - Public,Health Care Product Manufacturing,Manufacturing,$500 million to $1 billion (USD),Hyderabad
CoreCompete,4.3,Lead Data Scientist-Python,,201 to 500 Employees,2012,Company - Private,IT Service,Information Technology,Unknown / Non-Applicable,Hyderabad
BLEND360,4.7,Data Scientist- India,,51 to 200 Employees,2002,Company - Private,Consulting,Business Service,Unknown / Non-Applicable,Hyderabad
[x]cube LABS,3.9,Data Science,,201 to 500 Employees,,Company - Private,Computer Hardware & Software,Information Technology,Unknown / Non-Applicable,Hyderabad
Truedge Software Solutions,4.3,"Software Engineer Python, Machine Learning/AI",,51 to 200 Employees,,Company - Private,,,Unknown / Non-Applicable,Hyderabad
Luxoft,4.2,Data Science,,10000+ Employees,2000,Company - Public,IT Service,Information Technology,Unknown / Non-Applicable,Hyderabad
Unnati,4.7,Data Scientist,,1 to 50 Employees,2005,Company - Private,Staffing & Outsourcing,Business Service,Unknown / Non-Applicable,Hyderabad
AGUILASS,,"R & Python, Machine and Deep Learning Algorithms professional",,Unknown,,Company - Public,,,Unknown / Non-Applicable,Hyderabad
Genpact,3.8,Data Science for AI/Advance Analytic,,10000+ Employees,1997,Company - Public,IT Service,Information Technology,$2 to $5 billion (USD),Hyderabad
Apple,4.4,Machine Learning Engineer,,10000+ Employees,1976,Company - Public,Computer Hardware & Software,Information Technology,$10+ billion (USD),Hyderabad
Genpact,3.8,Assistant Manager-Data Scientist,,10000+ Employees,1997,Company - Public,IT Service,Information Technology,$2 to $5 billion (USD),Hyderabad
Novazone Services,,"R & Python, Machine and Deep Learning Algorithms professional",,51 to 200 Employees,,Company - Private,,,Unknown / Non-Applicable,Hyderabad
ProKarma India,3.8,Senior Data Scientist,,1001 to 5000 Employees,2004,Company - Private,IT Service,Information Technology,$100 to $500 million (USD),Hyderabad
S&amp;P Global,4.1,Lead Data Scientist,,10000+ Employees,1888,Company - Public,Financial Analytics & Research,Finance,$5 to $10 billion (USD),Hyderabad
Advance Auto Parts,3.3,Data Scientist II,,10000+ Employees,1932,Company - Public,Motor Vehicle Parts & Accessories Shops,Retail,$5 to $10 billion (USD),Hyderabad
AGUILASS,,"R & Python, Machine and Deep Learning Algorithms professional",,Unknown,,Company - Public,,,Unknown / Non-Applicable,Hyderabad
Novazone Services,,"R & Python, Machine and Deep Learning Algorithms professional",,51 to 200 Employees,,Company - Private,,,Unknown / Non-Applicable,Hyderabad
Truedge Software Solutions,4.3,"Software Engineer Python, Machine Learning/AI",,51 to 200 Employees,,Company - Private,,,Unknown / Non-Applicable,Hyderabad
ZF,3.8,"AI, Deep Learning, Reinforcement Learning",,10000+ Employees,1915,Company - Public,Transport Equipment Manufacturing,Manufacturing,$10+ billion (USD),Hyderabad
Truedge Software Solutions,4.3,"Technology head Data science, data analytics background",,51 to 200 Employees,,Company - Private,,,Unknown / Non-Applicable,Hyderabad
Apple,4.4,Machine Learning Engineer,,10000+ Employees,1976,Company - Public,Computer Hardware & Software,Information Technology,$10+ billion (USD),Hyderabad
Hitachi Vantara,3.2,Senior Data Scientist,,5001 to 10000 Employees,1989,Subsidiary or Business Segment,IT Service,Information Technology,Unknown / Non-Applicable,Hyderabad
Aptagrim Consulting,4.0,Deep Learning Engineer,,1 to 50 Employees,2012,Company - Private,IT Service,Information Technology,Unknown / Non-Applicable,Hyderabad
Infosys Limited,3.9,Data Science - Consultant,,10000+ Employees,1981,Company - Public,IT Service,Information Technology,$10+ billion (USD),Hyderabad
CoreCompete,4.3,Senior Data Scientist -Python,,201 to 500 Employees,2012,Company - Private,IT Service,Information Technology,Unknown / Non-Applicable,Hyderabad
Genpact,3.8,Data Science for AI/Advance Analytic,,10000+ Employees,1997,Company - Public,IT Service,Information Technology,$2 to $5 billion (USD),Hyderabad
CoreCompete,4.3,Lead Data Scientist-Python,,201 to 500 Employees,2012,Company - Private,IT Service,Information Technology,Unknown / Non-Applicable,Hyderabad
Zeta Global,3.6,Data Analyst - Global Data Science & Analytics,,1001 to 5000 Employees,2007,Company - Public,Advertising & Marketing,Business Service,$100 to $500 million (USD),Hyderabad
Novartis,4.2,Manager Data Science and Analytics,,10000+ Employees,1996,Company - Public,Biotech & Pharmaceutical,Biotech & Pharmaceutical,$10+ billion (USD),Hyderabad
Genpact,3.8,Data Engineer for AI/Advance Analytic,,10000+ Employees,1997,Company - Public,IT Service,Information Technology,$2 to $5 billion (USD),Hyderabad
Microsoft,4.4,Data & Applied Scientist II,,10000+ Employees,1975,Company - Public,Computer Hardware & Software,Information Technology,$10+ billion (USD),Hyderabad
Carrier,3.6,Data Science Manager,,10000+ Employees,1902,Company - Public,Industrial Manufacturing,Manufacturing,$10+ billion (USD),Hyderabad
Phenom People,,Product Development Engineer I - Machine Learning,,1 to 50 Employees,,Company - Private,Consulting,Business Service,Less than $1 million (USD),Hyderabad
"Neustar, Inc.",4.1,Statistician,,1001 to 5000 Employees,1996,Company - Private,Internet,Information Technology,$500 million to $1 billion (USD),Hyderabad
Uber,4.3,Risk Strategy Analyst - Data science,,10000+ Employees,2009,Company - Public,Internet,Information Technology,$10+ billion (USD),Hyderabad
Advance Auto Parts,3.3,Data Scientist II,,10000+ Employees,1932,Company - Public,Motor Vehicle Parts & Accessories Shops,Retail,$5 to $10 billion (USD),Hyderabad
BLEND360,4.7,Data Scientist- India,,51 to 200 Employees,2002,Company - Private,Consulting,Business Service,Unknown / Non-Applicable,Hyderabad
aisle 3,2.3,MACHINE LEARNING ENGINEER,,1 to 50 Employees,,Company - Private,,,Unknown / Non-Applicable,Hyderabad
Cyient,3.4,Lead Data Scientist,,10000+ Employees,1991,Company - Public,IT Service,Information Technology,$500 million to $1 billion (USD),Hyderabad
Grid Logic Software Private Limited,4.7,Machine Learning Engineer,,501 to 1000 Employees,2010,Company - Private,IT Service,Information Technology,Unknown / Non-Applicable,Hyderabad
ProKarma India,3.8,Senior Data Scientist,,1001 to 5000 Employees,2004,Company - Private,IT Service,Information Technology,$100 to $500 million (USD),Hyderabad
Evoke Technologies,3.9,Senior Data Scientist,,501 to 1000 Employees,2003,Company - Private,IT Service,Information Technology,$10 to $25 million (USD),Hyderabad
Joveo,4.5,Product Manager – Data Science,"Employer Provided Salary:₹2,500K - ₹3,000K",51 to 200 Employees,2017,Company - Private,Internet,Information Technology,Unknown / Non-Applicable,Hyderabad
FlexTrade,4.3,Data Engineer (Python / SQL) - FlexTCA,,501 to 1000 Employees,1996,Company - Private,Computer Hardware & Software,Information Technology,Unknown / Non-Applicable,Pune
Dassault Systèmes,4.0,Data Scientist,₹702K - ₹768K (Glassdoor Est.),10000+ Employees,1981,Company - Public,Computer Hardware & Software,Information Technology,$2 to $5 billion (USD),Pune
Springer Nature,3.6,Data Scientist,₹500K - ₹808K (Glassdoor Est.),10000+ Employees,2015,Company - Private,Publishing,Media,Unknown / Non-Applicable,Pune
AlphaSense,4.3,Data Scientist,,201 to 500 Employees,2011,Company - Private,Enterprise Software & Network Solutions,Information Technology,Unknown / Non-Applicable,Pune
Foghorn Systems,4.1,Data Scientist,₹558K - ₹879K (Glassdoor Est.),51 to 200 Employees,2014,Company - Private,Enterprise Software & Network Solutions,Information Technology,Unknown / Non-Applicable,Pune
KPIT Technologies,3.4,Data Scientist,₹526K - ₹718K (Glassdoor Est.),5001 to 10000 Employees,1990,Company - Public,IT Service,Information Technology,$500 million to $1 billion (USD),Pune
Maersk,4.1,Data Scientist,,10000+ Employees,1928,Subsidiary or Business Segment,Logistics & Supply Chain,Transportation & Logistics,$10+ billion (USD),Pune
Yash Technologies,3.7,Data Scientist,₹342K - ₹534K (Glassdoor Est.),1001 to 5000 Employees,1996,Company - Private,IT Service,Information Technology,$100 to $500 million (USD),Pune
Calsoft,,AI / ML / Data Engr -Analyst-Scientist / IOT,,1 to 50 Employees,,Company - Private,,,Less than $1 million (USD),Pune
Wolters Kluwer,3.7,Data Scientist,₹468K - ₹727K (Glassdoor Est.),10000+ Employees,1836,Company - Public,Consulting,Business Service,$2 to $5 billion (USD),Pune
Vijaya Management Services,2.6,Data Scientist,,51 to 200 Employees,,Company - Private,Staffing & Outsourcing,Business Service,Unknown / Non-Applicable,Pune
Atyeti Inc,4.5,Jr. Machine Learning Engineer /Data Scientist,,501 to 1000 Employees,2008,Company - Private,IT Service,Information Technology,$50 to $100 million (USD),Pune
Talentica Software India,4.3,Data Scientist,,201 to 500 Employees,2003,Company - Private,IT Service,Information Technology,Unknown / Non-Applicable,Pune
Siemens Technology and Services Private Limited,4.1,Data Scientist,,10000+ Employees,1843,Company - Public,Electrical & Electronic Manufacturing,Manufacturing,$10+ billion (USD),Pune
Qualys,3.6,Data Scientist,,501 to 1000 Employees,1999,Company - Public,Computer Hardware & Software,Information Technology,$100 to $500 million (USD),Pune
AppZen,3.8,Data Scientist,₹302K - ₹511K (Glassdoor Est.),201 to 500 Employees,2012,Company - Private,Financial Transaction Processing,Finance,$5 to $10 million (USD),Pune
Schlumberger,3.8,Data Scientist,,10000+ Employees,1926,Company - Public,Oil & Gas Service,"Oil, Gas, Energy & Utility",$10+ billion (USD),Pune
Innoplexus,3.8,Data Scientist,,201 to 500 Employees,2011,Company - Private,Consulting,Business Service,$1 to $5 million (USD),Pune
PubMatic,4.4,Data Scientist / Machine Learning Engineer,₹450K - ₹751K (Glassdoor Est.),501 to 1000 Employees,2006,Company - Public,Internet,Information Technology,$100 to $500 million (USD),Pune
Stratacent,3.8,Data Scientist,,51 to 200 Employees,,Unknown,,,Unknown / Non-Applicable,Pune
IBM,3.9,Data Scientist: Artificial Intelligence,,10000+ Employees,1911,Company - Public,IT Service,Information Technology,$10+ billion (USD),Pune
Open Insights,4.1,Data Scientist,₹350K - ₹657K (Glassdoor Est.),1 to 50 Employees,,Self-employed,,,Unknown / Non-Applicable,Pune
Frontdoor,2.9,Data Scientist,₹354K - ₹751K (Glassdoor Est.),1001 to 5000 Employees,2018,Company - Private,Security Service,Business Service,Unknown / Non-Applicable,Pune
Seagate Technology,3.8,Sr. Engineer - Data Scientist,,10000+ Employees,1979,Company - Public,Computer Hardware & Software,Information Technology,$10+ billion (USD),Pune
KBR,3.8,Data Scientist,,10000+ Employees,1901,Company - Public,Construction,"Construction, Repair & Maintenance",$5 to $10 billion (USD),Pune
Talent Leads HR Solutions,2.0,Data Scientist,,1 to 50 Employees,,Company - Public,,,Unknown / Non-Applicable,Pune
Merkle,3.8,Data Scientist - Innovations,₹480K - ₹754K (Glassdoor Est.),1001 to 5000 Employees,1971,Company - Private,Advertising & Marketing,Business Service,$500 million to $1 billion (USD),Pune
Merkle Sokrati,4.0,Data Science- Analyst (Intern),,501 to 1000 Employees,2009,Company - Private,Advertising & Marketing,Business Service,Unknown / Non-Applicable,Pune
GridEdge Technologies,,Data Scientist,₹400K - ₹629K (Glassdoor Est.),1 to 50 Employees,,Company - Private,,,Unknown / Non-Applicable,Pune
aioneers GmbH,,Data Scientist (m/f/d),,1 to 50 Employees,,Contract,,,Unknown / Non-Applicable,Pune
Merkle,3.8,Data Science- Analyst (Intern),,1001 to 5000 Employees,1971,Company - Private,Advertising & Marketing,Business Service,$500 million to $1 billion (USD),Pune
thyssenkrupp India Pvt. Ltd.,3.7,Data Scientist Jr. & Sr.,,10000+ Employees,1811,Company - Public,Industrial Manufacturing,Manufacturing,$10+ billion (USD),Pune
torcai digital media,1.0,Data Scientist,₹350K - ₹657K (Glassdoor Est.),1 to 50 Employees,,Company - Private,,,Unknown / Non-Applicable,Pune
NICE,3.9,Specialist Data Scientist,₹500K - ₹751K (Glassdoor Est.),1001 to 5000 Employees,1997,Company - Public,Computer Hardware & Software,Information Technology,$100 to $500 million (USD),Pune
Alpha ICT LLP,3.5,DATA SCIENTIST,,51 to 200 Employees,,Self-employed,,,Unknown / Non-Applicable,Pune
Merkle Sokrati,4.0,Data Scientist - Innovations,,501 to 1000 Employees,2009,Company - Private,Advertising & Marketing,Business Service,Unknown / Non-Applicable,Pune
BNY Mellon,3.5,"Spec, Data Scientist",₹680K - ₹720K (Glassdoor Est.),10000+ Employees,1784,Company - Public,Investment Banking & Asset Management,Finance,$10+ billion (USD),Pune
TomTom,4.0,Expert/Lead Data Scientist,,5001 to 10000 Employees,1991,Company - Public,Enterprise Software & Network Solutions,Information Technology,$500 million to $1 billion (USD),Pune
Oracle,3.8,Data Scientist 3,,10000+ Employees,1977,Company - Public,Enterprise Software & Network Solutions,Information Technology,$10+ billion (USD),Pune
Innoplexus,3.8,Bioinformatic (Data Scientist) -Variant analyst,₹600K - ₹808K (Glassdoor Est.),201 to 500 Employees,2011,Company - Private,Consulting,Business Service,$1 to $5 million (USD),Pune
Yash Technologies,3.7,Senior Data Scientist,,1001 to 5000 Employees,1996,Company - Private,IT Service,Information Technology,$100 to $500 million (USD),Pune
Innoplexus,3.8,Associate Data Scientist,,201 to 500 Employees,2011,Company - Private,Consulting,Business Service,$1 to $5 million (USD),Pune
Evolent Health,3.6,Sr NLP & Text Mining Data Scientist,,1001 to 5000 Employees,2011,Company - Public,Healthcare Services & Hospital,Healthcare,$25 to $50 million (USD),Pune
TransUnion,4.0,Lead Data Scientist,₹372K - ₹785K (Glassdoor Est.),5001 to 10000 Employees,1968,Company - Public,Financial Analytics & Research,Finance,$1 to $2 billion (USD),Pune
Innoplexus,3.8,Senior Data Scientist,,201 to 500 Employees,2011,Company - Private,Consulting,Business Service,$1 to $5 million (USD),Pune
Teradata,4.1,Senior Data Scientist,₹347K - ₹740K (Glassdoor Est.),10000+ Employees,1979,Company - Public,Computer Hardware & Software,Information Technology,$2 to $5 billion (USD),Pune
Maersk,4.1,Senior Data Scientist,,10000+ Employees,1928,Subsidiary or Business Segment,Logistics & Supply Chain,Transportation & Logistics,$10+ billion (USD),Pune
Wolters Kluwer,3.7,Senior Data Scientist,,10000+ Employees,1836,Company - Public,Consulting,Business Service,$2 to $5 billion (USD),Pune
DeepIntent,4.7,Senior Data Scientist,₹576K - ₹813K (Glassdoor Est.),51 to 200 Employees,2016,Company - Private,Internet,Information Technology,Unknown / Non-Applicable,Pune
MINDBODY,3.8,Business Intelligence Analyst I,₹332K - ₹524K (Glassdoor Est.),1001 to 5000 Employees,2001,Company - Private,Computer Hardware & Software,Information Technology,Unknown / Non-Applicable,Pune
NICE Actimize,3.7,Tech Manager Data Scientist,₹184K - ₹307K (Glassdoor Est.),501 to 1000 Employees,1999,Subsidiary or Business Segment,Computer Hardware & Software,Information Technology,Unknown / Non-Applicable,Pune
Ecolab,3.7,Senior Data Scientist,₹246K - ₹485K (Glassdoor Est.),10000+ Employees,1923,Company - Public,Chemical Manufacturing,Manufacturing,$10+ billion (USD),Pune
Aera Technology,4.3,Senior Data Scientist,,201 to 500 Employees,2017,Company - Private,Enterprise Software & Network Solutions,Information Technology,Unknown / Non-Applicable,Pune
Evolent Health,3.6,"Data Analyst, Integration Quality- Intern, On contract",,1001 to 5000 Employees,2011,Company - Public,Healthcare Services & Hospital,Healthcare,$25 to $50 million (USD),Pune
AssetOne,,AI/Machine Learning Engineer,,Unknown,,Company - Public,,,Unknown / Non-Applicable,Pune
Siemens Technology and Services Private Limited,4.1,Data Scientist – Smart Building Analytics,,10000+ Employees,1843,Company - Public,Electrical & Electronic Manufacturing,Manufacturing,$10+ billion (USD),Pune
Peak,3.0,Senior Data Scientist,,51 to 200 Employees,2012,Company - Private,Computer Hardware & Software,Information Technology,$1 to $5 million (USD),Pune
CIEL HR Services,4.2,CIEL/SEL/18750: Data Scientist,₹200K - ₹642K (Glassdoor Est.),201 to 500 Employees,2015,Company - Private,Staffing & Outsourcing,Business Service,$25 to $50 million (USD),Pune
Evolent Health,3.6,Sr Data Scientist,,1001 to 5000 Employees,2011,Company - Public,Healthcare Services & Hospital,Healthcare,$25 to $50 million (USD),Pune
Wolters Kluwer,3.7,Senior Data Scientist (Full-Stack + Dev Ops),₹515K - ₹665K (Glassdoor Est.),10000+ Employees,1836,Company - Public,Consulting,Business Service,$2 to $5 billion (USD),Pune
Icertis,4.0,Principal Data Scientist,₹609K - ₹939K (Glassdoor Est.),1001 to 5000 Employees,2009,Company - Private,Enterprise Software & Network Solutions,Information Technology,Unknown / Non-Applicable,Pune
Emerson,3.8,Operations Analytics & Data Scientist,₹548K - ₹747K (Glassdoor Est.),10000+ Employees,1890,Company - Public,Electrical & Electronic Manufacturing,Manufacturing,$10+ billion (USD),Pune
Wolters Kluwer,3.7,Lead Data Scientist,,10000+ Employees,1836,Company - Public,Consulting,Business Service,$2 to $5 billion (USD),Pune
Bajaj FinServ,3.4,Senior Data Scientist/Senior Data Scientist,₹204K - ₹480K (Glassdoor Est.),10000+ Employees,,Subsidiary or Business Segment,Lending,Finance,Unknown / Non-Applicable,Pune
QuinStreet,3.9,Data Analyst,₹420K - ₹750K (Glassdoor Est.),501 to 1000 Employees,1999,Company - Public,Advertising & Marketing,Business Service,$500 million to $1 billion (USD),Pune
Workday,4.2,Senior Data Scientist – Audit and Analytics (Pune Based),₹383K - ₹734K (Glassdoor Est.),10000+ Employees,2005,Company - Public,Enterprise Software & Network Solutions,Information Technology,$2 to $5 billion (USD),Pune
Citco,3.3,Data Analyst,₹557K - ₹781K (Glassdoor Est.),5001 to 10000 Employees,1948,Company - Private,Investment Banking & Asset Management,Finance,Unknown / Non-Applicable,Pune
Easebuzz,3.3,Senior Data Scientist,₹347K - ₹753K (Glassdoor Est.),1 to 50 Employees,,Company - Private,,,Unknown / Non-Applicable,Pune
ArrayGen Technologies,3.4,Data Scientist( Statistics Specialization),,1 to 50 Employees,,Company - Private,Biotech & Pharmaceutical,Biotech & Pharmaceutical,Unknown / Non-Applicable,Pune
DeepIntent,4.7,Data Analyst,₹300K - ₹430K (Glassdoor Est.),51 to 200 Employees,2016,Company - Private,Internet,Information Technology,Unknown / Non-Applicable,Pune
Aera Technology,4.3,Machine Learning Engineer,₹324K - ₹640K (Glassdoor Est.),201 to 500 Employees,2017,Company - Private,Enterprise Software & Network Solutions,Information Technology,Unknown / Non-Applicable,Pune
KNOREX,3.4,Data Engineer (ETL),₹468K - ₹784K (Glassdoor Est.),51 to 200 Employees,2009,Company - Private,Enterprise Software & Network Solutions,Information Technology,Unknown / Non-Applicable,Pune
Foghorn Systems,4.1,Machine Learning Engineer,₹299K - ₹640K (Glassdoor Est.),51 to 200 Employees,2014,Company - Private,Enterprise Software & Network Solutions,Information Technology,Unknown / Non-Applicable,Pune
MathWorks,4.4,"Application Engineer, Data Science",₹456K - ₹680K (Glassdoor Est.),5001 to 10000 Employees,1984,Company - Private,Computer Hardware & Software,Information Technology,$1 to $2 billion (USD),Pune
TIGI HR SOLUTION,5.0,Data Analyst,₹230K - ₹491K (Glassdoor Est.),1 to 50 Employees,2016,Company - Private,Staffing & Outsourcing,Business Service,Less than $1 million (USD),Pune
Barclays,4.0,Machine Learning Engineer,,10000+ Employees,1690,Company - Public,Banks & Building Society,Finance,$10+ billion (USD),Pune
AppZen,3.8,Machine Learning Engineer,₹252K - ₹447K (Glassdoor Est.),201 to 500 Employees,2012,Company - Private,Financial Transaction Processing,Finance,$5 to $10 million (USD),Pune
ZS Associates,4.0,Data Science Consultant,,5001 to 10000 Employees,1983,Company - Private,Consulting,Business Service,Unknown / Non-Applicable,Pune
Barclays,4.0,Data Analyst,₹750K - ₹812K (Glassdoor Est.),10000+ Employees,1690,Company - Public,Banks & Building Society,Finance,$10+ billion (USD),Pune
Briq,4.0,Data Analyst,,51 to 200 Employees,2018,Company - Private,Internet,Information Technology,Unknown / Non-Applicable,Pune
Netrix LLC,3.7,Data Analyst,₹216K - ₹550K (Glassdoor Est.),201 to 500 Employees,1989,Company - Private,IT Service,Information Technology,$100 to $500 million (USD),Pune
Aligned Automation,5.0,Data Scientist & ML Engineer Lead DL,₹300K - ₹636K (Glassdoor Est.),51 to 200 Employees,,Company - Private,,,Unknown / Non-Applicable,Pune
DataMetica,3.9,"Sr. Data Scientist - R, Python",,201 to 500 Employees,2013,Company - Private,IT Service,Information Technology,$25 to $50 million (USD),Pune
Bechtel,4.0,"HR Data Analyst - New Delhi, IN",,10000+ Employees,1898,Company - Private,Architectural & Engineering Service,Business Service,$10+ billion (USD),DelhiNCR
Bechtel,4.0,Data Engineer - Python with Azure ADF,₹624K - ₹714K (Glassdoor Est.),10000+ Employees,1898,Company - Private,Architectural & Engineering Service,Business Service,$10+ billion (USD),DelhiNCR
MobiKwik,4.0,Data Scientist,"₹970K - ₹1,000K (Glassdoor Est.)",201 to 500 Employees,2009,Company - Private,Financial Transaction Processing,Finance,Unknown / Non-Applicable,DelhiNCR
Siemens Technology and Services Private Limited,4.1,Data Scientist,,10000+ Employees,1843,Company - Public,Electrical & Electronic Manufacturing,Manufacturing,$10+ billion (USD),DelhiNCR
Novo,4.2,Data Scientist,₹450K - ₹821K (Glassdoor Est.),51 to 200 Employees,2016,Company - Private,Enterprise Software & Network Solutions,Information Technology,Unknown / Non-Applicable,DelhiNCR
MasterCard,4.2,Data Scientist,₹729K - ₹909K (Glassdoor Est.),10000+ Employees,1966,Company - Public,Financial Transaction Processing,Finance,$5 to $10 billion (USD),DelhiNCR
Genpact,3.8,Assistant Manager - Data Scientist,₹512K - ₹711K (Glassdoor Est.),10000+ Employees,1997,Company - Public,IT Service,Information Technology,$2 to $5 billion (USD),DelhiNCR
United Airlines,4.1,Analyst - Data Scientist,₹247K - ₹703K (Glassdoor Est.),10000+ Employees,1926,Company - Public,Airline,Travel & Tourism,$10+ billion (USD),DelhiNCR
ADCI - Haryana,4.3,Data Scientist,₹618K - ₹868K (Glassdoor Est.),10000+ Employees,1994,Company - Public,Internet,Information Technology,$10+ billion (USD),DelhiNCR
Donaldson,3.8,Data Scientist,,10000+ Employees,1915,Company - Public,Miscellaneous Manufacturing,Manufacturing,$2 to $5 billion (USD),DelhiNCR
Analytics Vidhya,3.9,Data Scientist,₹500K - ₹816K (Glassdoor Est.),1 to 50 Employees,,Company - Private,,,Unknown / Non-Applicable,DelhiNCR
Gartner,3.8,Data Scientist/ Sr Data Scientist,₹168K - ₹480K (Glassdoor Est.),10000+ Employees,1979,Company - Public,Consulting,Business Service,$2 to $5 billion (USD),DelhiNCR
Profisor Services,4.5,Data Scientist,₹500K - ₹816K (Glassdoor Est.),1 to 50 Employees,,Company - Private,,,Unknown / Non-Applicable,DelhiNCR
itForte,5.0,Data Analyst/Scientist,,1 to 50 Employees,,Company - Private,,,Unknown / Non-Applicable,DelhiNCR
Verisk,4.0,"Data Scientist (Python, SQL, Power BI)",,5001 to 10000 Employees,1971,Company - Public,Research & Development,Business Service,$2 to $5 billion (USD),DelhiNCR
The Luxury Closet,3.4,Data Scientist,,1 to 50 Employees,,Company - Private,,,Unknown / Non-Applicable,DelhiNCR
Axslogic,4.3,Data Scientist,,51 to 200 Employees,2012,Company - Private,Enterprise Software & Network Solutions,Information Technology,Unknown / Non-Applicable,DelhiNCR
The Search House,5.0,Data Analyst/Scientist,₹250K - ₹546K (Glassdoor Est.),1 to 50 Employees,,Company - Private,,,Unknown / Non-Applicable,DelhiNCR
Mount Talent Consulting,3.7,Data Scientist,,201 to 500 Employees,2007,Company - Private,Consulting,Business Service,Unknown / Non-Applicable,DelhiNCR
Nihilent,3.5,Data Scientist,₹300K - ₹808K (Glassdoor Est.),1001 to 5000 Employees,2000,Company - Private,IT Service,Information Technology,$100 to $500 million (USD),DelhiNCR
Ericsson,4.1,Data Scientist,,10000+ Employees,1876,Company - Public,Telecommunications Service,Telecommunication,$10+ billion (USD),DelhiNCR
WSD Consultant,,Junior Data Scientist/ta,₹480K - ₹786K (Glassdoor Est.),Unknown,,Company - Private,,,Unknown / Non-Applicable,DelhiNCR
Barclays,4.0,Data Scientist,₹743K - ₹858K (Glassdoor Est.),10000+ Employees,1690,Company - Public,Banks & Building Society,Finance,$10+ billion (USD),DelhiNCR
WinZO,4.7,Data Scientist,,51 to 200 Employees,2018,Company - Private,Video Game,Media,Unknown / Non-Applicable,DelhiNCR
Genpact,3.8,Business Analyst - Data Scientist,₹500K - ₹750K (Glassdoor Est.),10000+ Employees,1997,Company - Public,IT Service,Information Technology,$2 to $5 billion (USD),DelhiNCR
Crowe,3.8,Data Scientist,,1001 to 5000 Employees,1942,Company - Private,Accounting,Accounting & Legal,$500 million to $1 billion (USD),DelhiNCR
Lantern Digital Services,3.5,Data Scientist,,Unknown,,Company - Private,,,Unknown / Non-Applicable,DelhiNCR
Team Computers,4.1,Data Scientist,₹275K - ₹400K (Glassdoor Est.),1001 to 5000 Employees,1987,Company - Private,IT Service,Information Technology,$100 to $500 million (USD),DelhiNCR
"ESRI, Inc.",4.0,Data Scientist,₹400K - ₹800K (Glassdoor Est.),1001 to 5000 Employees,1969,Company - Private,Computer Hardware & Software,Information Technology,$1 to $2 billion (USD),DelhiNCR
Ank Aha,4.0,Data Scientist,₹500K - ₹715K (Glassdoor Est.),1 to 50 Employees,2016,Company - Private,Enterprise Software & Network Solutions,Information Technology,Unknown / Non-Applicable,DelhiNCR
Priority Vendor,3.7,Data Scientist,₹300K - ₹850K (Glassdoor Est.),51 to 200 Employees,2014,Company - Private,,Finance,Unknown / Non-Applicable,DelhiNCR
Biz2Credit Inc,3.9,Data Scientist,,201 to 500 Employees,2007,Company - Private,Lending,Finance,$100 to $500 million (USD),DelhiNCR
Fitfyles,,Data Scientist,,Unknown,,Company - Private,,,Unknown / Non-Applicable,DelhiNCR
Mahajan Imaging,4.0,Data Scientist,,Unknown,,Company - Private,,,Unknown / Non-Applicable,DelhiNCR
Amex,4.2,Engineer / Senior Engineer - Data Engineer,"₹857K - ₹1,046K (Glassdoor Est.)",10000+ Employees,1850,Company - Public,Financial Transaction Processing,Finance,$10+ billion (USD),DelhiNCR
Gauge Data Solutions,3.0,Data Scientist,,1 to 50 Employees,,Company - Private,IT Service,Information Technology,Unknown / Non-Applicable,DelhiNCR
Saffron Consultancy Services,,Data Scientist,₹300K - ₹784K (Glassdoor Est.),Unknown,,Company - Private,,,Unknown / Non-Applicable,DelhiNCR
Data Patterns,3.1,Data Scientist,₹500K - ₹816K (Glassdoor Est.),51 to 200 Employees,,Company - Private,IT Service,Information Technology,$500 million to $1 billion (USD),DelhiNCR
Maruti Suzuki India Ltd,4.0,Data Scientist - Digital Enterprise,₹739K - ₹901K (Glassdoor Est.),10000+ Employees,,Company - Public,Transport Equipment Manufacturing,Manufacturing,$10+ billion (USD),DelhiNCR
Techlive,5.0,Data Scientist,,51 to 200 Employees,,Company - Private,IT Service,Information Technology,Unknown / Non-Applicable,DelhiNCR
Valiance Solutions,4.2,Data Scientist (Credit Risk),,1 to 50 Employees,2014,Company - Private,IT Service,Information Technology,$1 to $5 million (USD),DelhiNCR
WishFin,3.8,Data Scientist,,501 to 1000 Employees,,Company - Private,,,Unknown / Non-Applicable,DelhiNCR
MasterCard,4.2,Manager - Data Scientist,₹658K - ₹946K (Glassdoor Est.),10000+ Employees,1966,Company - Public,Financial Transaction Processing,Finance,$5 to $10 billion (USD),DelhiNCR
xtLytics,,Data Scientist,,1 to 50 Employees,,Company - Private,,,Unknown / Non-Applicable,DelhiNCR
Innovacer,3.8,Data Scientist,₹636K - ₹915K (Glassdoor Est.),501 to 1000 Employees,2014,Company - Private,Healthcare Services & Hospital,Healthcare,Unknown / Non-Applicable,DelhiNCR
Algoscale,3.8,Data Scientist,₹669K - ₹720K (Glassdoor Est.),1 to 50 Employees,2014,Company - Private,IT Service,Information Technology,Unknown / Non-Applicable,DelhiNCR
Amex,4.2,Business Analyst/Assistant Manager - Data Science & Analytics,,10000+ Employees,1850,Company - Public,Financial Transaction Processing,Finance,$10+ billion (USD),DelhiNCR
ADCI - Karnataka,4.3,Data Scientist II,₹618K - ₹900K (Glassdoor Est.),10000+ Employees,1994,Company - Public,Internet,Information Technology,$10+ billion (USD),DelhiNCR
SearchUrCollege,,Data Scientist,,Unknown,,Company - Private,,,Unknown / Non-Applicable,DelhiNCR
Maruti Suzuki India Ltd,4.0,Data Analyst,,10000+ Employees,,Company - Public,Transport Equipment Manufacturing,Manufacturing,$10+ billion (USD),DelhiNCR
ADCI - Haryana,4.3,Data Engineer,₹279K - ₹480K (Glassdoor Est.),10000+ Employees,1994,Company - Public,Internet,Information Technology,$10+ billion (USD),DelhiNCR
Chegg,4.2,Senior Data Scientist,,1001 to 5000 Employees,2005,Company - Public,Consumer Product Rental,Consumer Service,$100 to $500 million (USD),DelhiNCR
Analytics Vidhya,3.9,Data Science Internship,,1 to 50 Employees,,Company - Private,,,Unknown / Non-Applicable,DelhiNCR
Innefu Labs Pvt. Ltd.,3.9,DATA SCIENTIST,,51 to 200 Employees,2010,Company - Private,Enterprise Software & Network Solutions,Information Technology,Unknown / Non-Applicable,DelhiNCR
Applicate IT Solutions Private Limited,3.1,Data Science Internship,,51 to 200 Employees,2014,Company - Private,IT Service,Information Technology,$1 to $5 million (USD),DelhiNCR
Greenlight Planet,4.5,Machine Learning Engineer,₹522K - ₹742K (Glassdoor Est.),1001 to 5000 Employees,,Company - Private,Energy,"Oil, Gas, Energy & Utility",$50 to $100 million (USD),DelhiNCR
Randstad,4.0,data scientist,,10000+ Employees,1960,Company - Public,Staffing & Outsourcing,Business Service,$10+ billion (USD),DelhiNCR
dunnhumby,4.1,Applied Data Scientist,,1001 to 5000 Employees,1989,Company - Private,Consulting,Business Service,$500 million to $1 billion (USD),DelhiNCR
Talent Integrators,3.9,Data Scientist (NLP),,Unknown,,Unknown,,,Unknown / Non-Applicable,DelhiNCR
Junglee Games,4.2,Applied Scientist,₹288K - ₹713K (Glassdoor Est.),201 to 500 Employees,2012,Company - Private,Sport & Recreation,"Arts, Entertainment & Recreation",$25 to $50 million (USD),DelhiNCR
S&amp;P Global,4.1,Lead Data Scientist,₹835K - ₹885K (Glassdoor Est.),10000+ Employees,1888,Company - Public,Financial Analytics & Research,Finance,$5 to $10 billion (USD),DelhiNCR
Greenlight Planet,4.5,Data Analyst,₹370K - ₹665K (Glassdoor Est.),1001 to 5000 Employees,,Company - Private,Energy,"Oil, Gas, Energy & Utility",$50 to $100 million (USD),DelhiNCR
Michael Page IN,,Senior Data Scientist,₹280K - ₹640K (Glassdoor Est.),201 to 500 Employees,,Company - Private,Security Service,Business Service,Unknown / Non-Applicable,DelhiNCR
Carlson Wagonlit Travel,4.2,Data Analyst,₹299K - ₹600K (Glassdoor Est.),10000+ Employees,1994,Company - Private,Travel Agency,Travel & Tourism,$2 to $5 billion (USD),DelhiNCR
EY,3.8,Tech Consulting-RPA-Senior – Data Science,₹675K - ₹845K (Glassdoor Est.),10000+ Employees,1989,Company - Private,Accounting,Accounting & Legal,$10+ billion (USD),DelhiNCR
itForte,5.0,Data Scientist for Gurgaon,,1 to 50 Employees,,Company - Private,,,Unknown / Non-Applicable,DelhiNCR
Dürr Somac GmbH,,Machine Learning Engineer/ Data Scientist,,Unknown,,Company - Private,,,Unknown / Non-Applicable,DelhiNCR
Genpact,3.8,DG - Manager - Data Scientist,₹254K - ₹308K (Glassdoor Est.),10000+ Employees,1997,Company - Public,IT Service,Information Technology,$2 to $5 billion (USD),DelhiNCR
CBRE,3.9,Sr Data Engineer,₹275K - ₹408K (Glassdoor Est.),10000+ Employees,1906,Company - Public,Real Estate,Real Estate,Unknown / Non-Applicable,DelhiNCR
TRS Staffing,4.0,Data Analyst,,201 to 500 Employees,1985,Contract,Staffing & Outsourcing,Business Service,$100 to $500 million (USD),DelhiNCR
Aristocrat Technologies,3.9,Data Analyst,₹200K - ₹650K (Glassdoor Est.),5001 to 10000 Employees,1953,Company - Public,Computer Hardware & Software,Information Technology,$2 to $5 billion (USD),DelhiNCR
McKinsey &amp; Company,4.4,Data Science - Optimus AI,,10000+ Employees,1926,Company - Private,Consulting,Business Service,Unknown / Non-Applicable,DelhiNCR
dunnhumby,4.1,Senior Research Data Scientist,₹670K - ₹800K (Glassdoor Est.),1001 to 5000 Employees,1989,Company - Private,Consulting,Business Service,$500 million to $1 billion (USD),DelhiNCR
Honeywell,3.7,Data Analyst,₹379K - ₹695K (Glassdoor Est.),10000+ Employees,1885,Company - Public,Computer Hardware & Software,Information Technology,$10+ billion (USD),DelhiNCR
Mahindra Comviva,3.5,Data Analyst,,1001 to 5000 Employees,1999,Company - Private,IT Service,Information Technology,$50 to $100 million (USD),DelhiNCR
dunnhumby,4.1,Senior Applied Data Scientist,,1001 to 5000 Employees,1989,Company - Private,Consulting,Business Service,$500 million to $1 billion (USD),DelhiNCR
Dürr IT Services India,4.0,Machine Learning Engineer/ Data Scientist,₹292K - ₹609K (Glassdoor Est.),10000+ Employees,,Company - Public,Industrial Manufacturing,Manufacturing,$2 to $5 billion (USD),DelhiNCR
dunnhumby,4.1,Applied Data Science Manager,₹850K - ₹944K (Glassdoor Est.),1001 to 5000 Employees,1989,Company - Private,Consulting,Business Service,$500 million to $1 billion (USD),DelhiNCR
Fidelity International,4.2,Data Analyst,,5001 to 10000 Employees,1969,Company - Private,Investment Banking & Asset Management,Finance,Unknown / Non-Applicable,DelhiNCR
Greenlight Planet,4.5,Data Engineer,,1001 to 5000 Employees,,Company - Private,Energy,"Oil, Gas, Energy & Utility",$50 to $100 million (USD),DelhiNCR
Novo,4.2,Data Analyst,,51 to 200 Employees,2016,Company - Private,Enterprise Software & Network Solutions,Information Technology,Unknown / Non-Applicable,DelhiNCR
Genpact,3.8,Manager - Data Scientist,₹391K - ₹562K (Glassdoor Est.),10000+ Employees,1997,Company - Public,IT Service,Information Technology,$2 to $5 billion (USD),DelhiNCR
Gartner,3.8,Data Engineer- MDM(attacama),,10000+ Employees,1979,Company - Public,Consulting,Business Service,$2 to $5 billion (USD),DelhiNCR